,Fuzzy Total CPU,Boolean Total CPU
count,30.0,30.0
mean,191825.46666666667,192308.16666666666
std,1957.766104400684,2052.725053113096
min,186317.0,185960.0
25%,190281.0,190945.0
50%,192297.0,192802.5
75%,193095.0,193502.5
max,196232.0,196480.0
