,Fuzzy Total CPU,Boolean Total CPU
count,30.0,30.0
mean,204675.0,205072.33333333334
std,798.0194017173025,746.8332377830216
min,202955.0,203725.0
25%,204128.5,204515.0
50%,204743.5,205095.0
75%,205139.25,205433.75
max,206227.0,206610.0
