,Fuzzy Total CPU,Boolean Total CPU
count,30.0,30.0
mean,230842.83333333334,231855.83333333334
std,931.9515705684805,732.9970166629477
min,228983.0,230380.0
25%,230312.0,231452.5
50%,230854.0,231862.5
75%,231543.0,232391.25
max,232417.0,233285.0
