,Fuzzy Total CPU,Boolean Total CPU
count,30.0,30.0
mean,153977.83333333334,154097.66666666666
std,698.7664541685328,664.5490217424525
min,152470.0,152630.0
25%,153610.75,153625.0
50%,154070.0,154192.5
75%,154515.0,154646.25
max,155157.0,155170.0
