Case Number,T-Stat,P-Value
Result-250-350,-3.3457468148065956,0.0022804327156370242
Result-250-500,-7.566348333033887,2.429049246206955e-08
Result-350-450,-5.008831485938953,2.4751170219590458e-05
Result-400-500,-9.845713150778453,9.38042067509314e-11
