Metric,t-statistic,p-value
SkipCounter,-4.432293058734502,2.6504335296236074e-05
brickMissedCount,-6.279991940978589,1.2110901719479794e-08
