Metric,t-statistic,p-value
SkipCounter,-8.219192494227796,1.5403201165871379e-12
brickMissedCount,-1.682375612215337,0.09600146122126575
