Metric,t-statistic,p-value
SkipCounter,-8.454506831604585,2.571134924553957e-09
brickMissedCount,-9.143899966377624,4.828055177806017e-10
