Metric,t-statistic,p-value
SkipCounter,-16.91046201149952,1.544274815439676e-29
brickMissedCount,-21.955103469141818,1.0929246710984477e-37
