,Boolean Total,Fuzzy Total
count,90.0,90.0
mean,126.23142398414744,125.0520567398976
std,12.070094703756135,12.409345993791003
min,106.61380807877478,105.16725021377316
25%,111.91177970816778,110.57391249836407
50%,128.35296572591557,127.11188662950988
75%,138.79309610072636,138.04325986844344
max,142.3825414181511,141.91265357448543
