,Boolean Total,Fuzzy Total
count,90.0,90.0
mean,2.3269671763146844,1.7423062430084726
std,1.218010300754881,1.2077945561529912
min,0.2788576291799158,0.0002583226256565
25%,1.3983796392674264,0.8817569918001761
50%,2.1856237882978458,1.5028651747609496
75%,2.9956720423052863,2.2760693334086124
max,6.047786353372004,6.003710773784601
