,Boolean Total,Fuzzy Total
count,90.0,90.0
mean,22.14037452762228,17.325733955238363
std,7.45478080887573,7.666182346839005
min,8.582127401028412,4.335219776115818
25%,14.681660739258067,9.223079847258496
50%,22.754365175129823,17.798323927339922
75%,28.779415958301595,24.374576824484596
max,37.937749266714384,34.121198341511125
