,Boolean Total,Fuzzy Total
count,90.0,90.0
mean,42.99077799221647,37.228333091463575
std,12.439072225251039,12.927815868511626
min,21.71937656251536,16.403925957656654
25%,29.46388037479873,22.854733412959046
50%,43.79542556547207,38.3279729261847
75%,55.243309296156745,50.115179781045455
max,63.90528504381752,59.61048723502366
