,Boolean Total,Fuzzy Total
count,90.0,90.0
mean,4.551651194595581,3.416031562370663
std,1.88407257014078,1.9355380668828581
min,0.986231775563035,0.0321074635445957
25%,3.0540483631046964,1.9279843108807806
50%,4.369664951391496,3.296958025374262
75%,5.608205338450956,4.663429748266482
max,9.80616469448296,9.089901944500635
