,Boolean Total,Fuzzy Total
count,90.0,90.0
mean,15.620746379854788,4.512854283227838
std,6.506606231639864,3.567447901638176
min,5.773263706513951,0.5314104535951691
25%,8.856558724088933,1.0413487047311663
50%,15.982925285952815,3.4700622929082123
75%,20.90549068533123,7.887141929336004
max,30.174723305426525,14.06646295633382
