,Boolean Total,Fuzzy Total
count,90.0,90.0
mean,114.49543056749606,111.64353736893003
std,11.582335340027718,11.612799202187702
min,96.35611454559842,93.3257558208758
25%,100.97260599879566,98.01950547722672
50%,116.928332924645,113.44423056075297
75%,126.54471636365524,123.7997046886577
max,129.94744939878504,127.46451985727782
