,Boolean Total,Fuzzy Total
count,90.0,90.0
mean,31.613355867488547,18.674299941005856
std,10.901446075601697,8.595318227377408
min,14.96273339203352,6.866643096941902
25%,19.25039577797349,8.991706941413419
50%,32.749486697974845,18.48784879045788
75%,42.29692899911545,27.971919119584395
max,50.40374499186012,34.75546604270664
