,Boolean Total,Fuzzy Total
count,90.0,90.0
mean,3.210838371820128,0.5191438325930907
std,1.7936684990781058,0.7990665177756998
min,0.3910113424284233,4.125467542851305e-07
25%,1.9312802611651736,0.00012715092761510964
50%,3.00972933771261,0.08854384760281545
75%,4.226750015673884,0.7911021851323403
max,8.655880573880196,3.4899286212104625
