,Boolean Total,Fuzzy Total
count,90.0,90.0
mean,1.6522049470529434,0.2709229571260915
std,1.1594593960128559,0.5087474111454791
min,0.0467910859897177,2.9768858931791375e-14
25%,0.7918389593041621,5.8684205301390015e-09
50%,1.437124421848432,0.00652138358822145
75%,2.2194525587031904,0.22402946261686796
max,5.994274086817638,2.1966754848326153
