,Boolean Total,Fuzzy Total
count,90.0,90.0
mean,126.23142398414744,125.29779133358711
std,12.070094703756135,12.426604442684225
min,106.61380807877478,105.70682315593852
25%,111.91177970816778,110.73505587014799
50%,128.35296572591557,127.20274578343532
75%,138.79309610072636,138.3821971021406
max,142.3825414181511,141.97879012560986
