,Boolean Total,Fuzzy Total
count,90.0,90.0
mean,2.3269671763146844,1.8451170013823621
std,1.218010300754881,1.2240853006604073
min,0.2788576291799158,0.0467934260851626
25%,1.3983796392674264,0.8851429919136712
50%,2.1856237882978458,1.684194534198499
75%,2.9956720423052863,2.4093887758896075
max,6.047786353372004,6.003710778237276
