,Boolean Total,Fuzzy Total
count,90.0,90.0
mean,42.99077799221647,38.63399243997715
std,12.439072225251039,13.046087989423937
min,21.71937656251536,18.79084595212276
25%,29.46388037479873,24.089027537401115
50%,43.79542556547207,39.2253047403275
75%,55.243309296156745,51.824719294907055
max,63.90528504381752,60.70050272135313
