,Boolean Total,Fuzzy Total
count,90.0,90.0
mean,4.551651194595581,3.6514317334059916
std,1.88407257014078,1.9655536703917864
min,0.986231775563035,0.3925531792344352
25%,3.0540483631046964,2.0388264080472105
50%,4.369664951391496,3.546375498226042
75%,5.608205338450956,4.827756273747784
max,9.80616469448296,9.716497282550948
