,Boolean Total,Fuzzy Total
count,90.0,90.0
mean,22.14037452762228,18.54397561220985
std,7.45478080887573,7.772860961459773
min,8.582127401028412,6.65318692822923
25%,14.681660739258067,10.217666662891475
50%,22.754365175129823,18.726473268226563
75%,28.779415958301595,25.508201601857
max,37.937749266714384,35.65336867080332
