,Boolean Total,Fuzzy Total
count,88.0,88.0
mean,1.6688848978968946,0.8959460461953114
std,1.160887325306051,1.0175902837204247
min,0.0467910859897177,1.7098869100198808e-14
25%,0.7932064936147901,0.020086394691917326
50%,1.437124421848432,0.5182876172360794
75%,2.223089157836829,1.4615325112680226
max,5.994274086817638,5.185309535481813
