,Boolean Total,Fuzzy Total
count,88.0,88.0
mean,3.2438595388863076,1.7539417076911612
std,1.7907630224590765,1.6499500534043152
min,0.3910113424284233,3.4898335454936554e-07
25%,1.9331901321972205,0.16666785580471205
50%,3.1177284332566675,1.5349490155647834
75%,4.247533203501636,2.808386191481874
max,8.655880573880196,7.614735244179524
