,Boolean Total,Fuzzy Total
count,88.0,88.0
mean,114.86625075497312,113.11188311230525
std,11.443579874726751,11.912423316481533
min,96.35611454559842,94.03933332948148
25%,101.68828590418582,99.14388229158828
50%,116.98839792803199,115.04276848150744
75%,126.57151331633143,125.46472993465996
max,129.94744939878504,129.24236415369185
