,Boolean Total,Fuzzy Total
count,88.0,88.0
mean,15.798615845115593,9.53804772568927
std,6.454321824678243,6.580474368352469
min,5.773263706513951,0.6863661683283356
25%,9.215818742570368,1.9095515647780725
50%,16.264801827605357,10.015052098242833
75%,21.00833397562991,15.50007826094401
max,30.174723305426525,23.88821516093525
