,Boolean Total,Fuzzy Total
count,88.0,88.0
mean,31.9329615021656,24.349125520284076
std,10.80365056036726,11.530672608983789
min,14.96273339203352,7.787382564992387
25%,19.27618928601903,10.707008323676927
50%,32.94279352975033,25.254268956025506
75%,42.393787161589586,35.602089941253915
max,50.40374499186012,44.36256164535854
