,Boolean Total,Fuzzy Total
count,90.0,90.0
mean,126.23142398414744,125.25214939202657
std,12.070094703756135,12.426668689350587
min,106.61380807877478,105.46353650939432
25%,111.91177970816778,110.79028331970039
50%,128.35296572591557,127.18118690394414
75%,138.79309610072636,138.36402176989677
max,142.3825414181511,141.9720550908629
