,Boolean Total,Fuzzy Total
count,90.0,90.0
mean,4.551651194595581,3.6668166178376214
std,1.88407257014078,1.9631916079151501
min,0.986231775563035,0.3910236508216025
25%,3.0540483631046964,2.0610794640524306
50%,4.369664951391496,3.546375489802445
75%,5.608205338450956,5.012144097358547
max,9.80616469448296,9.7164614557678
