,Boolean Total,Fuzzy Total
count,90.0,90.0
mean,22.14037452762228,18.65461437460308
std,7.45478080887573,7.780393533721534
min,8.582127401028412,6.470841197718467
25%,14.681660739258067,10.716967512850305
50%,22.754365175129823,18.805877103665228
75%,28.779415958301595,26.030139441652317
max,37.937749266714384,35.52551267850506
