,Boolean Total,Fuzzy Total
count,90.0,90.0
mean,2.3269671763146844,1.853603902334843
std,1.218010300754881,1.2227155794630886
min,0.2788576291799158,0.0467910861328792
25%,1.3983796392674264,0.9372066648286727
50%,2.1856237882978458,1.685134951183064
75%,2.9956720423052863,2.4093887758865415
max,6.047786353372004,6.006598449191387
