,Boolean Total,Fuzzy Total
count,90.0,90.0
mean,42.99077799221647,38.76531860373454
std,12.439072225251039,13.04935514809199
min,21.71937656251536,18.458395652845464
25%,29.46388037479873,24.327195151447555
50%,43.79542556547207,39.1735293138309
75%,55.243309296156745,52.35518981721876
max,63.90528504381752,60.472678280623555
