,Boolean Total,Fuzzy Total
count,89.0,89.0
mean,31.759834421991282,23.270031986388435
std,10.865966417498976,11.23666519759979
min,14.96273339203352,7.041322828448672
25%,19.27290040182279,9.794892028385476
50%,32.885420913273414,24.268482238510643
75%,42.545644923227314,34.40900710286174
max,50.40374499186012,42.87312675557135
