,Boolean Total,Fuzzy Total
count,89.0,89.0
mean,114.67926321638362,112.68900719203214
std,11.514127678651397,11.950945622522717
min,96.35611454559842,93.52809070552492
25%,101.31377280474476,98.38621179638018
50%,116.9788346558197,114.73362198130056
75%,126.57291784376828,125.13291241204077
max,129.94744939878504,128.84240901863478
