,Boolean Total,Fuzzy Total
count,89.0,89.0
mean,1.6677369049848525,0.8403989619298214
std,1.1559216623726585,0.999093535400965
min,0.0467910859897177,1.6621690991820748e-15
25%,0.793890260770104,0.0010785596809327
50%,1.4435288054674074,0.4642187559054222
75%,2.222469415033882,1.3975385509916374
max,5.994274086817638,5.185176012046214
