,Boolean Total,Fuzzy Total
count,89.0,89.0
mean,15.697884046992856,8.812849976439454
std,6.490745794811965,6.3143735893532345
min,5.773263706513951,0.5727833268001736
25%,9.01763919583935,1.458875473823598
50%,16.194726823787356,9.168374097394633
75%,20.92304099953113,14.80138032672837
max,30.174723305426525,22.95248045803621
