,Boolean Total,Fuzzy Total
count,89.0,89.0
mean,3.2339874561410396,1.6246611781487892
std,1.7859283680430735,1.612080154918812
min,0.3910113424284233,1.1131346125730617e-07
25%,1.9341450677132437,0.0328821198834311
50%,3.1169826349012073,1.4749308351077408
75%,4.242758336405668,2.485467156813735
max,8.655880573880196,7.598576438013435
